{"eigenvalues": [8.53997503170267, 4.3370629790503195, 2.537118244216382, 1.9626811829031252, 1.6462423412948675, 1.4370097754733853, 1.208605671997537, 0.9814270554854331, 0.852570336738733, 0.7694894064142291, 0.6338070731866379, 0.6108533344728957, 0.5905260550553061, 0.5666226067713497, 0.510166255372014, 0.4916813319459912, 0.46486417229767674, 0.4539111103387693, 0.43425750417822556, 0.4233333053458964, 0.4100468900288602, 0.4019371076506926, 0.38337553923198836, 0.37809112704529957, 0.3671472884228994, 0.3641259877131708, 0.3452460606268808, 0.34389365118101095, 0.3396517545071867, 0.3335636967769686, 0.3219216283046547, 0.3185263304008035, 0.3170089596124511, 0.3075375124664693, 0.3058798278916545, 0.30001278187980807, 0.2968179137719213, 0.2905689073246686, 0.28761711870997814, 0.28601532150210524, 0.2821735694086196, 0.27888406499601687, 0.27168350425994053, 0.27062274324918595, 0.2666653169841226, 0.26068559758625, 0.2596896200115274, 0.2579533232948304, 0.25537554928205763, 0.25365248669941737, 0.25162098218079365, 0.24875029829919684, 0.24643887517106097, 0.24534659818992366, 0.24304254877934808, 0.23837253235187622, 0.23652411636400764, 0.2338851271411531, 0.2298527770701751, 0.2298107173998611, 0.22647454615695817, 0.22427678081226715, 0.2221978066161447, 0.22097062266641687, 0.21894420544044002, 0.21725487698824897, 0.2128663959216301, 0.2104985431524654, 0.21012820278889152, 0.2086698692264325, 0.20643861255943835, 0.20337396722920756, 0.20324342062012563, 0.2017121554297785, 0.20028888177982093, 0.19931807466084484, 0.1974754554802814, 0.19618449943080166, 0.19553400607930613, 0.19468185078187938, 0.19329315762325605, 0.18983508668925486, 0.1891175812591811, 0.18891960812225353, 0.18728355813859535, 0.18559089433821704, 0.18371419505833556, 0.18280183381011056, 0.1811294875075014, 0.1799749271072659, 0.17839700602789926, 0.17754406892064703, 0.17659971646492903, 0.17530286166825754, 0.1727404417876472, 0.17263842312510486, 0.17174222801841105, 0.17068868580228316, 0.17018447339411552, 0.1686508827287965], "cumulative_energy": [0.09860156520277663, 0.14867679335389655, 0.1779700675210435, 0.2006309577355786, 0.21963828163900626, 0.23622983050740107, 0.2501842519816464, 0.26151569539266095, 0.27135937401418225, 0.2802438098114461, 0.2875616730628956, 0.2946145150987059, 0.3014326607145093, 0.3079748198776835, 0.3138651405292757, 0.31954203639031603, 0.3249093044238978, 0.33015010966936814, 0.33516399664843666, 0.34005175408971905, 0.34478610811455923, 0.34942682752887977, 0.3538532372184167, 0.3582186336952862, 0.3624576738756221, 0.3666618304669754, 0.37064800160114514, 0.37461855797207927, 0.37854013789402907, 0.38239142580470065, 0.38610829573764904, 0.3897859639532145, 0.39344611278094, 0.3969969053740322, 0.4005285585325145, 0.4039924714554883, 0.4074194968003504, 0.4107743718386397, 0.41409516586656586, 0.4173974657289649, 0.42065540916548066, 0.42387537236404255, 0.4270121987201337, 0.4301367776521307, 0.4332156645976218, 0.436225510393705, 0.4392238567477629, 0.44220215602050167, 0.4451506926122661, 0.4480793349224945, 0.4509845217162245, 0.4538565639254707, 0.4567019187102883, 0.45953466219125844, 0.4623408033838912, 0.46509302510631917, 0.4678239052312749, 0.4705243158915119, 0.4731781695036349, 0.47583153749966306, 0.47844638644790555, 0.4810358602513577, 0.4836013304588985, 0.4861526317423165, 0.48868053624652924, 0.49118893595957935, 0.49364666677717894, 0.49607705864023327, 0.49850317459623045, 0.500912452801378, 0.5032959691747967, 0.5056441015072515, 0.5079907265636382, 0.5103196718090246, 0.512632184101261, 0.5149334875666465, 0.5172135163638273, 0.5194786399315882, 0.521736252978256, 0.5239840271382982, 0.5262157676075487, 0.5284075815892617, 0.5305911113361631, 0.532772355308095, 0.5349347096359072, 0.537077520663012, 0.539198663537022, 0.5413092723934534, 0.5434005725326595, 0.545478542250856, 0.547538293474547, 0.5495881967849265, 0.5516271967109411, 0.5536512233012822, 0.5556456644876853, 0.5576389277783955, 0.5596218437039296, 0.5615925955527385, 0.563557525823328, 0.5655047494332516], "n_modes_99pct": 931, "total_modes": 3749, "grid_rows": 99, "grid_cols": 50, "eigenvalues_norm_60": [0.17436027779005403, 0.08854961554488318, 0.05180022660553187, 0.040071971521452025, 0.033611254233455665, 0.029339362551813852, 0.024676046466860727, 0.020037751092932318, 0.017406889387554473, 0.015710629850885963, 0.012940409888305028, 0.01247176445976559, 0.01205674332998363, 0.011568707724790548, 0.010416040992574298, 0.010038635160411506, 0.009491110444184311, 0.009267482281488616, 0.008866215507638869, 0.008643176642072195, 0.008371908511086736, 0.00820633145693553, 0.00782736076747918, 0.007719469166694898, 0.007496029316436837, 0.007434343558682281, 0.007048872954939174, 0.0070212608734292895, 0.006934654263965088, 0.006810354669047997, 0.006572659092029575, 0.006503337450748682, 0.006472357361089697, 0.006278979259945771, 0.006245134390156337, 0.0061253471813372245, 0.006060117705990309, 0.0059325320285135005, 0.005872265496009091, 0.005839561676022352, 0.005761124800067326, 0.005693963139635789, 0.005546949621970257, 0.005525292113158178, 0.005444493522957555, 0.005322405866793557, 0.005302071038417991, 0.005266621148140163, 0.005213990854576245, 0.005178811165005313, 0.005137334030601051, 0.00507872340970526, 0.005031531189913514, 0.005009230220982366, 0.00496218855004321, 0.004866841039241909, 0.004829102014956719, 0.004775221893261546, 0.004692893587158491, 0.004692034856802432], "cum_energy_60": [0.09860156520277663, 0.14867679335389655, 0.1779700675210435, 0.2006309577355786, 0.21963828163900626, 0.23622983050740107, 0.2501842519816464, 0.26151569539266095, 0.27135937401418225, 0.2802438098114461, 0.2875616730628956, 0.2946145150987059, 0.3014326607145093, 0.3079748198776835, 0.3138651405292757, 0.31954203639031603, 0.3249093044238978, 0.33015010966936814, 0.33516399664843666, 0.34005175408971905, 0.34478610811455923, 0.34942682752887977, 0.3538532372184167, 0.3582186336952862, 0.3624576738756221, 0.3666618304669754, 0.37064800160114514, 0.37461855797207927, 0.37854013789402907, 0.38239142580470065, 0.38610829573764904, 0.3897859639532145, 0.39344611278094, 0.3969969053740322, 0.4005285585325145, 0.4039924714554883, 0.4074194968003504, 0.4107743718386397, 0.41409516586656586, 0.4173974657289649, 0.42065540916548066, 0.42387537236404255, 0.4270121987201337, 0.4301367776521307, 0.4332156645976218, 0.436225510393705, 0.4392238567477629, 0.44220215602050167, 0.4451506926122661, 0.4480793349224945, 0.4509845217162245, 0.4538565639254707, 0.4567019187102883, 0.45953466219125844, 0.4623408033838912, 0.46509302510631917, 0.4678239052312749, 0.4705243158915119, 0.4731781695036349, 0.47583153749966306], "n_modes_90pct": 101, "n_modes_95pct": 101}